components,n,S_oof,S_val
mert_mixture+mert_vocals+mert_accompaniment+mert_drums,4,0.9162,0.9015
mert_mixture+mert_vocals+mert_drums+handcrafted,4,0.9157,0.8902
mert_mixture+mert_accompaniment+mert_drums+mert_other,4,0.9128,0.9091
mert_mixture+mert_accompaniment+mert_drums+mixbalance,4,0.9113,0.9280
mert_mixture+mert_drums+handcrafted+lang_vocals,4,0.9108,0.9394
mert_mixture+mert_vocals+mert_bass+mixbalance,4,0.9108,0.8864
mert_mixture+mert_accompaniment+mert_drums+lang_mixture,4,0.9103,0.9432
mert_mixture+mert_bass+mixbalance+lang_mixture,4,0.9098,0.8902
mert_mixture+mert_accompaniment+mert_drums+lang_vocals,4,0.9089,0.9470
mert_mixture+mert_drums+mert_bass+lang_vocals,4,0.9084,0.8788
mert_mixture+mert_vocals+mert_drums+lang_vocals,4,0.9079,0.8939
mert_mixture+mert_vocals+mert_accompaniment+mert_bass,4,0.9079,0.8977
mert_mixture+mert_vocals+mert_drums+mixbalance,4,0.9079,0.8750
mert_mixture+mert_drums+mert_bass+mixbalance,4,0.9074,0.8902
mert_mixture+mert_accompaniment+mert_drums+handcrafted,4,0.9074,0.9583
mert_mixture+mert_vocals+mert_accompaniment+lang_vocals,4,0.9074,0.9242
mert_vocals+mert_accompaniment+mert_drums+handcrafted,4,0.9069,0.9167
mert_mixture+mert_drums+handcrafted,3,0.9069,0.9280
mert_mixture+mert_vocals+mert_accompaniment+mixbalance,4,0.9064,0.8977
mert_mixture+mert_bass,2,0.9064,0.8788
mert_mixture+mert_bass+lang_vocals,3,0.9064,0.8826
mert_mixture+mert_drums+mert_bass+lang_mixture,4,0.9059,0.8939
mert_mixture+mert_accompaniment+mixbalance+lang_vocals,4,0.9059,0.9470
mert_mixture+mert_bass+mert_other+lang_vocals,4,0.9055,0.9205
mert_mixture,1,0.9055,0.9432
mert_mixture+mert_vocals+mert_bass,3,0.9055,0.8750
mert_mixture+mert_drums+mert_bass,3,0.9055,0.8750
mert_mixture+mert_bass+mixbalance,3,0.9050,0.8939
mert_mixture+mert_accompaniment+mixbalance,3,0.9050,0.9318
mert_mixture+mert_vocals+mert_bass+lang_vocals,4,0.9050,0.8864
mert_mixture+mert_vocals+mert_drums,3,0.9050,0.8826
mert_mixture+mert_accompaniment+handcrafted+lang_vocals,4,0.9050,0.9470
mert_mixture+mert_drums,2,0.9045,0.9167
mert_mixture+mert_accompaniment+handcrafted+mixbalance,4,0.9045,0.9583
mert_mixture+mert_accompaniment+handcrafted,3,0.9045,0.9432
mert_mixture+mert_vocals+mert_drums+lang_mixture,4,0.9040,0.8788
mert_mixture+mixbalance,2,0.9040,0.9015
mert_mixture+mert_drums+mert_other+lang_mixture,4,0.9035,0.9053
mert_mixture+mert_accompaniment,2,0.9030,0.9432
mert_mixture+mert_vocals+mert_bass+clap,4,0.9030,0.8788
mert_mixture+mert_vocals+mert_bass+handcrafted,4,0.9030,0.8788
mert_mixture+mert_accompaniment+mert_drums,3,0.9030,0.9356
mert_mixture+mert_bass+lang_mixture,3,0.9025,0.8864
mert_mixture+mixbalance+lang_vocals,3,0.9025,0.9356
mert_mixture+mert_bass+mert_other+mixbalance,4,0.9025,0.8674
mert_mixture+mert_drums+handcrafted+mixbalance,4,0.9020,0.9091
mert_mixture+mert_accompaniment+lang_vocals+lang_mixture,4,0.9020,0.9621
mert_mixture+handcrafted+mixbalance+lang_vocals,4,0.9016,0.9697
mert_mixture+mert_bass+mert_other+lang_mixture,4,0.9016,0.9129
mert_mixture+mert_vocals+mert_drums+mert_bass,4,0.9016,0.8674
mert_mixture+mert_accompaniment+lang_mixture,3,0.9016,0.9470
mert_mixture+mert_vocals+mert_bass+lang_mixture,4,0.9011,0.8826
mert_mixture+mert_drums+mert_bass+mert_other,4,0.9011,0.9091
mert_mixture+mert_drums+mert_other+mixbalance,4,0.9006,0.8864
mert_mixture+mert_vocals+mert_accompaniment+handcrafted,4,0.9006,0.9394
mert_mixture+mert_vocals+mert_drums+mert_other,4,0.9006,0.9015
mert_mixture+mert_accompaniment+mert_bass+mert_other,4,0.9001,0.8977
mert_mixture+mert_accompaniment+mert_bass,3,0.9001,0.8939
mert_vocals+mert_accompaniment+mert_drums+mixbalance,4,0.8996,0.8674
mert_mixture+mert_accompaniment+mixbalance+lang_mixture,4,0.8991,0.9356
mert_mixture+mert_accompaniment+mert_bass+lang_mixture,4,0.8991,0.9318
mert_mixture+mert_accompaniment+lang_vocals,3,0.8991,0.9470
mert_mixture+mert_accompaniment+mert_bass+mixbalance,4,0.8986,0.8977
mert_mixture+mert_accompaniment+handcrafted+lang_mixture,4,0.8986,0.9356
mert_mixture+mert_drums+mert_other+lang_vocals,4,0.8986,0.9205
mert_mixture+mert_bass+mert_other,3,0.8981,0.8902
mert_mixture+mert_vocals+mert_accompaniment+mert_other,4,0.8981,0.8864
mert_mixture+mert_accompaniment+mert_bass+clap,4,0.8977,0.9318
mert_mixture+mert_drums+mert_bass+handcrafted,4,0.8977,0.9129
mert_mixture+mert_drums+lang_vocals,3,0.8977,0.9129
mert_mixture+mert_vocals+lang_vocals,3,0.8972,0.9015
mert_mixture+mert_accompaniment+mert_drums+mert_bass,4,0.8972,0.9129
mert_mixture+mert_accompaniment+mert_drums+clap,4,0.8972,0.9432
mert_mixture+mert_drums+mixbalance+lang_vocals,4,0.8972,0.9205
mert_mixture+mert_bass+mixbalance+lang_vocals,4,0.8972,0.8977
mert_mixture+mert_drums+lang_mixture,3,0.8972,0.9053
mert_mixture+mert_drums+handcrafted+lang_mixture,4,0.8967,0.9129
mert_vocals+mert_accompaniment+mert_drums+lang_mixture,4,0.8967,0.8939
mert_mixture+mert_drums+mert_other+handcrafted,4,0.8967,0.9318
mert_mixture+mert_drums+lang_vocals+lang_mixture,4,0.8967,0.9242
mert_mixture+mert_drums+mixbalance,3,0.8967,0.8826
mert_mixture+mert_accompaniment+mert_bass+handcrafted,4,0.8962,0.9205
mert_mixture+lang_vocals,2,0.8962,0.9621
mert_mixture+mert_drums+mert_other,3,0.8962,0.9015
mert_vocals+mert_accompaniment+handcrafted+mixbalance,4,0.8957,0.8864
mert_mixture+mert_bass+clap+mixbalance,4,0.8957,0.9015
mert_mixture+mert_vocals+mert_accompaniment,3,0.8952,0.8902
mert_mixture+mert_vocals+mert_accompaniment+lang_mixture,4,0.8952,0.9053
mert_mixture+handcrafted+mixbalance+lang_mixture,4,0.8952,0.9508
mert_mixture+handcrafted+mixbalance,3,0.8942,0.9470
mert_mixture+mixbalance+lang_mixture,3,0.8942,0.9394
mert_mixture+mert_accompaniment+mert_bass+lang_vocals,4,0.8942,0.8977
mert_mixture+mert_accompaniment+handcrafted+clap,4,0.8942,0.9129
mert_vocals+mert_accompaniment+mert_drums+mert_bass,4,0.8938,0.8674
mert_mixture+mert_bass+handcrafted+lang_vocals,4,0.8933,0.9242
mert_mixture+mert_bass+handcrafted+mixbalance,4,0.8933,0.9015
mert_vocals+mert_accompaniment+handcrafted,3,0.8933,0.9053
mert_mixture+mert_accompaniment+clap+mixbalance,4,0.8933,0.9129
mert_mixture+mixbalance+lang_vocals+lang_mixture,4,0.8928,0.9583
mert_mixture+mert_bass+handcrafted,3,0.8928,0.9053
mert_mixture+mert_vocals,2,0.8928,0.8939
mert_vocals+mert_accompaniment+mert_drums,3,0.8923,0.8712
mert_mixture+mert_vocals+mixbalance+lang_vocals,4,0.8923,0.8902
mert_mixture+handcrafted,2,0.8923,0.9470
mert_vocals+mert_accompaniment+mert_drums+mert_other,4,0.8923,0.9015
mert_mixture+mert_drums+mixbalance+lang_mixture,4,0.8923,0.9205
mert_mixture+mert_accompaniment+clap+lang_vocals,4,0.8923,0.9394
mert_mixture+mert_vocals+mert_accompaniment+clap,4,0.8923,0.9129
mert_mixture+mert_vocals+mert_other+handcrafted,4,0.8918,0.8864
mert_mixture+handcrafted+lang_vocals,3,0.8913,0.9924
mert_accompaniment+mert_drums+mert_bass+lang_vocals,4,0.8908,0.9091
mert_mixture+mert_accompaniment+mert_other+handcrafted,4,0.8908,0.9242
mert_mixture+mert_vocals+mert_bass+mert_other,4,0.8908,0.8826
mert_vocals+mert_accompaniment+mixbalance,3,0.8908,0.8561
mert_vocals+mert_accompaniment+mert_bass,3,0.8908,0.8447
mert_vocals+mert_accompaniment+mixbalance+lang_mixture,4,0.8904,0.8864
mert_mixture+lang_mixture,2,0.8904,0.9621
mert_mixture+mert_accompaniment+mert_other+mixbalance,4,0.8904,0.9394
mert_mixture+mert_accompaniment+clap,3,0.8904,0.9280
mert_vocals+mert_accompaniment+mert_bass+mixbalance,4,0.8899,0.8523
mert_vocals+mert_accompaniment+mert_drums+lang_vocals,4,0.8899,0.9356
mert_mixture+lang_vocals+lang_mixture,3,0.8899,0.9583
mert_mixture+mert_vocals+lang_mixture,3,0.8899,0.8939
mert_mixture+mert_bass+mert_other+handcrafted,4,0.8899,0.8788
mert_vocals+mert_accompaniment+mert_bass+mert_other,4,0.8894,0.8561
mert_mixture+mert_vocals+mert_drums+clap,4,0.8894,0.8864
mert_mixture+mert_bass+lang_vocals+lang_mixture,4,0.8894,0.8902
mert_accompaniment+mert_drums+handcrafted+mixbalance,4,0.8894,0.9583
mert_accompaniment+mert_drums+handcrafted+lang_mixture,4,0.8889,0.9583
mert_mixture+mert_drums+handcrafted+clap,4,0.8889,0.9280
mert_accompaniment+mert_drums+handcrafted+lang_vocals,4,0.8884,0.9508
mert_vocals+mert_accompaniment,2,0.8884,0.8826
mert_vocals+mert_accompaniment+lang_mixture,3,0.8884,0.8750
mert_mixture+mert_vocals+mixbalance,3,0.8874,0.8788
mert_mixture+mert_vocals+handcrafted+mixbalance,4,0.8874,0.8939
mert_mixture+handcrafted+lang_mixture,3,0.8874,0.9697
mert_mixture+mert_vocals+mixbalance+lang_mixture,4,0.8874,0.8826
mert_mixture+mert_bass+clap,3,0.8869,0.9053
mert_accompaniment+mert_drums+mert_bass+mixbalance,4,0.8869,0.9053
mert_mixture+mert_accompaniment+clap+lang_mixture,4,0.8865,0.9356
mert_mixture+mert_accompaniment+mert_other+lang_vocals,4,0.8865,0.9356
mert_accompaniment+mert_drums+mixbalance,3,0.8865,0.9432
mert_accompaniment+mert_bass+lang_vocals,3,0.8865,0.8939
mert_vocals+mert_accompaniment+handcrafted+lang_mixture,4,0.8860,0.9167
mert_mixture+mert_accompaniment+mert_other+clap,4,0.8860,0.8902
mert_mixture+mert_vocals+handcrafted+lang_vocals,4,0.8855,0.9394
mert_vocals+mert_accompaniment+lang_vocals,3,0.8855,0.8864
mert_accompaniment+mert_drums+mert_bass,3,0.8855,0.8977
mert_mixture+mert_bass+mert_other+clap,4,0.8855,0.8750
mert_vocals+mert_accompaniment+mert_bass+clap,4,0.8855,0.8826
mert_vocals+mert_drums+mert_bass+lang_vocals,4,0.8850,0.8144
mert_vocals+mert_accompaniment+mert_other+mixbalance,4,0.8850,0.8523
mert_accompaniment+mert_drums+mixbalance+lang_vocals,4,0.8850,0.9508
mert_mixture+mert_drums+clap+mixbalance,4,0.8845,0.8902
mert_mixture+mert_bass+handcrafted+lang_mixture,4,0.8845,0.9091
mert_accompaniment+mert_drums+mert_bass+lang_mixture,4,0.8845,0.9205
mert_mixture+clap+mixbalance,3,0.8845,0.9053
mert_mixture+mert_drums+clap+lang_vocals,4,0.8840,0.9242
mert_mixture+clap+mixbalance+lang_vocals,4,0.8835,0.9470
mert_accompaniment+handcrafted+mixbalance+lang_vocals,4,0.8835,0.9508
mert_accompaniment+mert_bass+lang_mixture,3,0.8835,0.9015
mert_mixture+mert_vocals+handcrafted,3,0.8835,0.9167
mert_mixture+mert_vocals+handcrafted+clap,4,0.8835,0.9091
mert_accompaniment+mert_bass+mert_other+mixbalance,4,0.8830,0.8864
mert_vocals+mert_accompaniment+mixbalance+lang_vocals,4,0.8830,0.8939
mert_mixture+mert_drums+mert_bass+clap,4,0.8830,0.8750
mert_mixture+mert_bass+clap+lang_mixture,4,0.8830,0.9053
mert_vocals+mert_accompaniment+handcrafted+lang_vocals,4,0.8830,0.9091
mert_vocals+mert_drums+mert_bass,3,0.8830,0.8333
mert_mixture+mert_vocals+lang_vocals+lang_mixture,4,0.8830,0.9167
mert_vocals+mert_drums+mert_other+handcrafted,4,0.8826,0.8864
mert_accompaniment+mert_drums+mixbalance+lang_mixture,4,0.8826,0.9394
mert_accompaniment+mert_drums,2,0.8826,0.8977
mert_mixture+mert_vocals+handcrafted+lang_mixture,4,0.8826,0.9242
mert_vocals+mert_drums+mert_bass+mert_other,4,0.8826,0.8523
mert_vocals+mert_accompaniment+mert_other+lang_mixture,4,0.8826,0.8598
mert_accompaniment+lang_vocals,2,0.8826,0.9545
mert_accompaniment+mert_bass+mixbalance+lang_mixture,4,0.8826,0.9129
mert_mixture+mert_vocals+mert_other+lang_mixture,4,0.8826,0.9053
mert_mixture+mert_accompaniment+mert_other,3,0.8826,0.9356
mert_vocals+mert_accompaniment+mert_bass+lang_vocals,4,0.8826,0.8636
mert_mixture+mert_accompaniment+mert_other+lang_mixture,4,0.8821,0.9621
mert_accompaniment+mert_drums+mert_other+lang_vocals,4,0.8821,0.9167
mert_accompaniment+mert_drums+mert_other,3,0.8821,0.9242
mert_vocals+mert_drums+mert_bass+handcrafted,4,0.8821,0.8712
mert_accompaniment+mert_drums+lang_vocals+lang_mixture,4,0.8821,0.9659
mert_vocals+mert_accompaniment+mert_drums+clap,4,0.8821,0.8939
mert_vocals+mert_accompaniment+mert_other+handcrafted,4,0.8821,0.8636
mert_mixture+mert_other+lang_mixture,3,0.8821,0.9205
mert_mixture+mert_other+mixbalance+lang_mixture,4,0.8821,0.9280
mert_accompaniment+handcrafted,2,0.8816,0.9318
mert_mixture+mert_other,2,0.8816,0.9167
mert_vocals+mert_drums+mert_bass+mixbalance,4,0.8816,0.8144
mert_mixture+mert_vocals+mert_other+mixbalance,4,0.8816,0.8826
mert_mixture+mert_bass+clap+lang_vocals,4,0.8816,0.9167
mert_accompaniment+mert_drums+mert_other+handcrafted,4,0.8811,0.9242
mert_accompaniment+mert_drums+mert_other+mixbalance,4,0.8811,0.9053
mert_vocals+mert_accompaniment+lang_vocals+lang_mixture,4,0.8811,0.9091
mert_vocals+mert_accompaniment+mert_other+lang_vocals,4,0.8806,0.9015
mert_mixture+clap,2,0.8806,0.9242
mert_mixture+mert_other+handcrafted,3,0.8806,0.9015
mert_mixture+handcrafted+clap,3,0.8801,0.9735
mert_accompaniment+mert_bass+handcrafted+lang_vocals,4,0.8801,0.9205
mert_mixture+handcrafted+lang_vocals+lang_mixture,4,0.8801,1.0000
mert_vocals+mert_accompaniment+mert_other+clap,4,0.8801,0.8523
mert_accompaniment+mert_bass+handcrafted+mixbalance,4,0.8801,0.9129
mert_accompaniment+mert_bass+mixbalance,3,0.8796,0.8939
mert_accompaniment+mert_drums+lang_mixture,3,0.8796,0.9242
mert_accompaniment+mert_drums+handcrafted,3,0.8791,0.9470
mert_mixture+mert_drums+clap+lang_mixture,4,0.8791,0.9205
mert_vocals+mert_accompaniment+handcrafted+clap,4,0.8791,0.8750
mert_accompaniment+mert_drums+mert_bass+mert_other,4,0.8791,0.9205
mert_mixture+mert_other+mixbalance,3,0.8791,0.9091
mert_accompaniment+mert_bass,2,0.8791,0.8902
mert_accompaniment+mert_drums+lang_vocals,3,0.8787,0.9545
mert_vocals+mert_accompaniment+mert_bass+lang_mixture,4,0.8787,0.8485
mert_mixture+mert_vocals+clap+mixbalance,4,0.8787,0.8788
mert_accompaniment+mert_bass+handcrafted+lang_mixture,4,0.8787,0.9205
mert_accompaniment+handcrafted+mixbalance,3,0.8787,0.9394
mert_accompaniment+mert_drums+mert_bass+clap,4,0.8782,0.8939
mert_vocals+mert_drums+mert_bass+lang_mixture,4,0.8782,0.8371
mert_mixture+mert_other+mixbalance+lang_vocals,4,0.8777,0.9470
mert_mixture+mert_vocals+mert_other+clap,4,0.8777,0.8598
mert_accompaniment+handcrafted+mixbalance+lang_mixture,4,0.8772,0.9773
mert_accompaniment+mert_bass+mixbalance+lang_vocals,4,0.8772,0.9129
mert_accompaniment+mert_bass+mert_other+handcrafted,4,0.8772,0.9053
mert_accompaniment+mert_bass+lang_vocals+lang_mixture,4,0.8767,0.9015
mert_mixture+mert_drums+mert_other+clap,4,0.8767,0.8977
mert_accompaniment+mert_drums+mert_bass+handcrafted,4,0.8767,0.9091
mert_vocals+mert_accompaniment+mert_other,3,0.8767,0.8750
mert_accompaniment+mert_bass+clap+mixbalance,4,0.8767,0.8977
mert_vocals+mert_accompaniment+mert_bass+handcrafted,4,0.8762,0.8788
mert_mixture+mert_other+handcrafted+lang_vocals,4,0.8762,0.9053
mert_mixture+mert_other+clap+mixbalance,4,0.8762,0.9053
mert_mixture+mert_other+handcrafted+mixbalance,4,0.8762,0.8826
mert_accompaniment+mert_drums+mert_other+lang_mixture,4,0.8757,0.9394
mert_accompaniment+handcrafted+lang_mixture,3,0.8757,0.9394
mert_mixture+mert_bass+handcrafted+clap,4,0.8757,0.8826
mert_vocals+mert_drums+handcrafted+lang_mixture,4,0.8752,0.8409
mert_accompaniment+mert_bass+mert_other+lang_vocals,4,0.8748,0.8939
mert_mixture+mert_vocals+clap,3,0.8748,0.8598
mert_accompaniment+mert_bass+clap+lang_vocals,4,0.8748,0.9053
mert_vocals+mert_drums+mert_bass+clap,4,0.8748,0.8371
mert_accompaniment,1,0.8743,0.9470
mert_drums+mert_bass+mert_other+lang_mixture,4,0.8743,0.8295
mert_drums+mert_bass+mert_other,3,0.8743,0.8636
mert_mixture+mert_other+lang_vocals+lang_mixture,4,0.8743,0.9394
mert_accompaniment+lang_mixture,2,0.8738,0.9621
mert_mixture+mert_vocals+mert_other+lang_vocals,4,0.8738,0.9053
mert_accompaniment+lang_vocals+lang_mixture,3,0.8738,0.9924
mert_accompaniment+mert_bass+clap,3,0.8738,0.8902
mert_drums+mert_bass+mert_other+mixbalance,4,0.8738,0.8674
mert_accompaniment+mert_bass+clap+lang_mixture,4,0.8738,0.8788
mert_mixture+mert_other+lang_vocals,3,0.8733,0.9394
mert_vocals+mert_drums+handcrafted,3,0.8733,0.8409
mert_mixture+mert_vocals+mert_other,3,0.8733,0.9053
mert_mixture+clap+mixbalance+lang_mixture,4,0.8728,0.9129
mert_accompaniment+mert_other+handcrafted+lang_mixture,4,0.8728,0.9356
mert_mixture+clap+lang_vocals,3,0.8723,0.9621
mert_mixture+mert_other+handcrafted+lang_mixture,4,0.8723,0.8902
mert_mixture+clap+lang_mixture,3,0.8723,0.9356
mert_accompaniment+mert_bass+handcrafted,3,0.8723,0.9242
mert_vocals+mert_drums+handcrafted+lang_vocals,4,0.8723,0.8371
mert_vocals+mert_drums+mert_other+mixbalance,4,0.8723,0.8598
mert_accompaniment+handcrafted+lang_vocals,3,0.8723,0.9811
mert_accompaniment+mert_bass+mert_other+lang_mixture,4,0.8718,0.8864
mert_mixture+mert_drums+clap,3,0.8718,0.8864
mert_accompaniment+mixbalance,2,0.8713,0.9508
mert_accompaniment+mixbalance+lang_mixture,3,0.8713,0.9318
mert_vocals+mert_drums+handcrafted+mixbalance,4,0.8713,0.8674
mert_vocals+mert_drums+mixbalance+lang_mixture,4,0.8709,0.8409
mert_vocals+mert_bass+mixbalance+lang_mixture,4,0.8709,0.7689
mert_drums+mert_bass+mixbalance+lang_mixture,4,0.8699,0.8485
mert_drums+mert_bass+mert_other+lang_vocals,4,0.8699,0.8674
mert_mixture+mert_other+clap,3,0.8699,0.8788
mert_accompaniment+mert_bass+mert_other,3,0.8699,0.8977
mert_drums+mert_bass+mert_other+handcrafted,4,0.8699,0.8598
mert_vocals+mert_accompaniment+clap,3,0.8699,0.8712
mert_mixture+handcrafted+clap+lang_mixture,4,0.8699,0.9356
mert_vocals+mert_bass+lang_vocals,3,0.8694,0.7765
mert_vocals+mert_bass+mixbalance,3,0.8694,0.7614
mert_mixture+handcrafted+clap+lang_vocals,4,0.8694,0.9583
mert_mixture+clap+lang_vocals+lang_mixture,4,0.8689,0.9583
mert_mixture+mert_other+clap+lang_vocals,4,0.8689,0.9205
mert_vocals+mert_drums+mert_other,3,0.8689,0.8788
mert_accompaniment+mert_drums+handcrafted+clap,4,0.8689,0.9015
mert_vocals+mert_drums+mixbalance,3,0.8684,0.8182
mert_drums+mert_bass+lang_vocals+lang_mixture,4,0.8679,0.8864
mert_accompaniment+mixbalance+lang_vocals,3,0.8679,0.9697
mert_accompaniment+mert_bass+handcrafted+clap,4,0.8670,0.9242
mert_vocals+mert_bass+mixbalance+lang_vocals,4,0.8670,0.7727
mert_mixture+mert_vocals+clap+lang_vocals,4,0.8670,0.8750
mert_mixture+mert_other+handcrafted+clap,4,0.8665,0.8636
mert_vocals+mert_bass,2,0.8665,0.7576
mert_mixture+mert_vocals+clap+lang_mixture,4,0.8665,0.8523
mert_accompaniment+mert_drums+clap+mixbalance,4,0.8660,0.9053
mert_accompaniment+handcrafted+lang_vocals+lang_mixture,4,0.8660,0.9735
mert_mixture+handcrafted+clap+mixbalance,4,0.8655,0.9394
mert_vocals+mert_drums+mixbalance+lang_vocals,4,0.8655,0.8409
mert_drums+mert_bass+mixbalance,3,0.8650,0.8220
mert_drums+mert_bass+handcrafted+lang_mixture,4,0.8650,0.9129
mert_mixture+mert_other+clap+lang_mixture,4,0.8650,0.9091
mert_accompaniment+mert_drums+clap+lang_vocals,4,0.8645,0.8977
mert_accompaniment+clap+mixbalance,3,0.8645,0.9053
mert_accompaniment+mert_other+handcrafted,3,0.8645,0.9167
mert_vocals+mert_accompaniment+clap+lang_vocals,4,0.8640,0.8712
mert_accompaniment+mert_other+mixbalance+lang_mixture,4,0.8635,0.9091
mert_vocals+mert_bass+handcrafted+mixbalance,4,0.8631,0.7955
mert_bass+mert_other+mixbalance,3,0.8631,0.8106
mert_accompaniment+mert_drums+clap,3,0.8626,0.8939
mert_vocals+mert_bass+handcrafted,3,0.8626,0.8409
mert_drums+mert_bass+lang_vocals,3,0.8626,0.8333
mert_drums+mert_bass+lang_mixture,3,0.8621,0.8258
mert_vocals+mert_bass+mert_other+mixbalance,4,0.8616,0.8030
mert_accompaniment+mert_other+mixbalance,3,0.8616,0.8902
mert_vocals+mert_accompaniment+clap+mixbalance,4,0.8616,0.8598
mert_accompaniment+mert_other+handcrafted+mixbalance,4,0.8616,0.9318
mert_accompaniment+mert_other+handcrafted+lang_vocals,4,0.8611,0.9318
mert_accompaniment+mert_other,2,0.8611,0.8939
mert_vocals+mert_accompaniment+clap+lang_mixture,4,0.8611,0.8788
mert_vocals+mert_bass+mert_other,3,0.8611,0.7955
mert_accompaniment+mixbalance+lang_vocals+lang_mixture,4,0.8606,0.9811
mert_accompaniment+handcrafted+clap+lang_vocals,4,0.8606,0.9318
mert_vocals+mert_bass+mert_other+handcrafted,4,0.8606,0.8636
mert_vocals+mert_bass+lang_vocals+lang_mixture,4,0.8601,0.7917
mert_vocals+mert_drums+lang_vocals,3,0.8601,0.8295
mert_drums+mert_other+handcrafted+lang_mixture,4,0.8601,0.8977
mert_accompaniment+mert_drums+clap+lang_mixture,4,0.8596,0.9091
mert_drums+mert_bass+handcrafted+mixbalance,4,0.8596,0.8788
mert_vocals+mert_bass+handcrafted+lang_vocals,4,0.8596,0.8409
mert_drums+mert_bass+mixbalance+lang_vocals,4,0.8592,0.8485
mert_drums+mert_bass+handcrafted+lang_vocals,4,0.8592,0.9318
mert_bass+mert_other+handcrafted+mixbalance,4,0.8587,0.8295
mert_vocals+mert_bass+mert_other+lang_vocals,4,0.8587,0.8144
mert_accompaniment+mert_other+mixbalance+lang_vocals,4,0.8587,0.9167
mert_bass+mert_other+mixbalance+lang_vocals,4,0.8582,0.8030
mert_vocals+mert_bass+clap+mixbalance,4,0.8582,0.7727
mert_drums+mert_other+handcrafted+lang_vocals,4,0.8577,0.8939
mert_vocals+mert_drums,2,0.8577,0.8030
mert_vocals+mert_drums+lang_vocals+lang_mixture,4,0.8577,0.8409
mert_vocals+mert_bass+lang_mixture,3,0.8577,0.7879
mert_vocals+mert_drums+mert_other+lang_vocals,4,0.8572,0.8674
mert_bass+mert_other+handcrafted+lang_mixture,4,0.8572,0.8182
mert_vocals+mert_bass+clap+lang_vocals,4,0.8567,0.7803
mert_vocals+mert_drums+lang_mixture,3,0.8567,0.8030
mert_accompaniment+handcrafted+clap+mixbalance,4,0.8567,0.9318
mert_bass+mert_other+mixbalance+lang_mixture,4,0.8562,0.8106
mert_vocals+mert_drums+mert_other+clap,4,0.8562,0.8598
mert_vocals+mert_bass+handcrafted+lang_mixture,4,0.8562,0.8258
mert_accompaniment+clap,2,0.8558,0.9091
mert_vocals+mert_bass+mert_other+lang_mixture,4,0.8558,0.7955
mert_accompaniment+mert_bass+mert_other+clap,4,0.8543,0.8788
mert_vocals+mert_drums+mert_other+lang_mixture,4,0.8543,0.8788
mert_accompaniment+handcrafted+clap+lang_mixture,4,0.8538,0.9545
mert_bass+mert_other+handcrafted,3,0.8538,0.8144
mert_drums+handcrafted+lang_mixture,3,0.8538,0.8977
mert_vocals+mert_drums+handcrafted+clap,4,0.8538,0.8826
mert_drums+mert_bass+handcrafted+clap,4,0.8538,0.9167
mert_accompaniment+mert_drums+mert_other+clap,4,0.8533,0.9091
mert_bass+mert_other+handcrafted+lang_vocals,4,0.8533,0.7992
mert_accompaniment+mert_other+handcrafted+clap,4,0.8528,0.8864
mert_accompaniment+mert_other+lang_mixture,3,0.8528,0.8977
mert_drums+mert_bass+mert_other+clap,4,0.8528,0.8750
mert_drums+mert_bass+clap+lang_mixture,4,0.8519,0.8561
mert_drums+mert_bass+handcrafted,3,0.8519,0.8939
mert_accompaniment+clap+mixbalance+lang_vocals,4,0.8514,0.9091
mert_drums+mert_other+handcrafted+mixbalance,4,0.8514,0.8864
mert_vocals+mert_bass+clap+lang_mixture,4,0.8514,0.7803
mert_bass+mert_other+lang_mixture,3,0.8509,0.8409
mert_bass+handcrafted+mixbalance+lang_mixture,4,0.8509,0.8636
mert_drums+mert_other+mixbalance+lang_mixture,4,0.8504,0.8750
mert_accompaniment+mert_other+lang_vocals,3,0.8499,0.9129
mert_accompaniment+mert_other+clap+mixbalance,4,0.8494,0.8409
mert_drums+handcrafted+lang_vocals+lang_mixture,4,0.8489,0.9545
mert_drums+handcrafted,2,0.8484,0.9053
mert_drums+mert_bass,2,0.8484,0.8068
mert_bass+handcrafted+mixbalance+lang_vocals,4,0.8484,0.8598
mert_drums+mert_other+handcrafted,3,0.8480,0.8712
mert_vocals+mert_bass+clap,3,0.8480,0.7879
mert_drums+mert_bass+clap+mixbalance,4,0.8475,0.8598
mert_vocals+mert_bass+mert_other+clap,4,0.8475,0.8068
mert_drums+handcrafted+mixbalance+lang_mixture,4,0.8475,0.9167
mert_accompaniment+mert_other+clap+lang_mixture,4,0.8475,0.8523
mert_drums+mert_bass+clap+lang_vocals,4,0.8470,0.8864
mert_vocals+mert_bass+handcrafted+clap,4,0.8465,0.8371
mert_bass+handcrafted+mixbalance,3,0.8465,0.8295
mert_drums+mert_bass+clap,3,0.8465,0.8636
mert_accompaniment+mert_other+clap,3,0.8465,0.8409
mert_drums+handcrafted+lang_vocals,3,0.8460,0.9091
mert_vocals+mert_drums+clap+lang_mixture,4,0.8455,0.8333
mert_accompaniment+mert_other+lang_vocals+lang_mixture,4,0.8450,0.9205
mert_bass+mert_other,2,0.8445,0.7765
mert_bass+handcrafted+lang_vocals,3,0.8441,0.8523
mert_bass+handcrafted+lang_mixture,3,0.8441,0.8447
mert_bass+mert_other+lang_vocals,3,0.8441,0.8144
mert_accompaniment+handcrafted+clap,3,0.8431,0.9318
mert_drums+mert_other+lang_vocals+lang_mixture,4,0.8426,0.8598
mert_drums+handcrafted+mixbalance+lang_vocals,4,0.8426,0.9280
mert_bass+handcrafted+lang_vocals+lang_mixture,4,0.8426,0.8712
mert_accompaniment+clap+lang_mixture,3,0.8421,0.9356
mert_bass+mixbalance+lang_mixture,3,0.8416,0.7652
mert_drums+mert_other+mixbalance+lang_vocals,4,0.8411,0.8939
mert_accompaniment+clap+mixbalance+lang_mixture,4,0.8406,0.9394
mert_accompaniment+clap+lang_vocals+lang_mixture,4,0.8406,0.9545
mert_accompaniment+clap+lang_vocals,3,0.8402,0.9394
mert_accompaniment+mert_other+clap+lang_vocals,4,0.8397,0.8750
mert_bass+mert_other+lang_vocals+lang_mixture,4,0.8392,0.8295
mert_vocals+mert_drums+clap+mixbalance,4,0.8387,0.8182
mert_bass+clap+mixbalance+lang_mixture,4,0.8387,0.7917
mert_drums+mert_other,2,0.8382,0.8371
mert_drums+mert_other+mixbalance,3,0.8382,0.8712
mert_bass+mixbalance,2,0.8377,0.7803
mert_drums+mixbalance+lang_vocals+lang_mixture,4,0.8372,0.9205
mert_vocals+mert_drums+clap,3,0.8358,0.8258
mert_bass+handcrafted+clap+mixbalance,4,0.8358,0.8333
mert_drums+mert_other+lang_vocals,3,0.8348,0.8485
mert_drums+mert_other+lang_mixture,3,0.8348,0.8523
mert_bass+mert_other+handcrafted+clap,4,0.8343,0.8182
mert_drums+mert_other+handcrafted+clap,4,0.8343,0.8826
mert_bass+handcrafted,2,0.8338,0.8068
mert_vocals+mert_drums+clap+lang_vocals,4,0.8328,0.8295
mert_bass+lang_mixture,2,0.8324,0.8258
mert_drums+mixbalance+lang_vocals,3,0.8319,0.8788
mert_drums+handcrafted+mixbalance,3,0.8314,0.8864
mert_vocals+mert_other+handcrafted+lang_vocals,4,0.8309,0.8788
mert_drums+mert_other+clap+mixbalance,4,0.8304,0.8674
mert_drums,1,0.8294,0.8485
mert_vocals+mert_other+handcrafted+mixbalance,4,0.8285,0.8788
mert_bass+mixbalance+lang_vocals+lang_mixture,4,0.8280,0.8106
mert_bass+mixbalance+lang_vocals,3,0.8280,0.7765
mert_vocals+mert_other+mixbalance,3,0.8280,0.8371
mert_bass+clap+mixbalance+lang_vocals,4,0.8275,0.7765
mert_bass+handcrafted+clap+lang_mixture,4,0.8270,0.8561
mert_vocals+mert_other+handcrafted+lang_mixture,4,0.8270,0.8674
mert_bass+clap+mixbalance,3,0.8265,0.7841
mert_bass+mert_other+clap+mixbalance,4,0.8265,0.8182
mert_bass+lang_vocals,2,0.8260,0.7955
mert_drums+mixbalance+lang_mixture,3,0.8255,0.8750
mert_drums+mixbalance,2,0.8241,0.8371
mert_vocals+mert_other+handcrafted+clap,4,0.8236,0.8258
mert_bass+lang_vocals+lang_mixture,3,0.8236,0.7879
mert_drums+mert_other+clap+lang_vocals,4,0.8231,0.8674
mert_drums+mert_other+clap+lang_mixture,4,0.8221,0.8750
mert_drums+lang_mixture,2,0.8216,0.8674
mert_vocals+mert_other+handcrafted,3,0.8212,0.8561
mert_bass,1,0.8212,0.7765
mert_vocals+mert_other+mixbalance+lang_mixture,4,0.8207,0.8523
mert_vocals+handcrafted+mixbalance+lang_mixture,4,0.8202,0.8523
mert_bass+mert_other+clap+lang_vocals,4,0.8197,0.8182
mert_drums+lang_vocals+lang_mixture,3,0.8187,0.8674
mert_drums+mert_other+clap,3,0.8182,0.8447
mert_vocals+mert_other+mixbalance+lang_vocals,4,0.8177,0.8788
mert_bass+mert_other+clap+lang_mixture,4,0.8168,0.8106
mert_vocals+handcrafted+mixbalance,3,0.8163,0.8523
mert_bass+mert_other+clap,3,0.8158,0.8106
mert_bass+handcrafted+clap,3,0.8153,0.8523
mert_vocals+mert_other+clap+mixbalance,4,0.8143,0.8106
mert_vocals+handcrafted+clap+mixbalance,4,0.8138,0.8106
mert_vocals+mixbalance,2,0.8138,0.7955
mert_drums+handcrafted+clap+lang_vocals,4,0.8134,0.8826
mert_vocals+handcrafted+mixbalance+lang_vocals,4,0.8129,0.8636
mert_other+handcrafted+mixbalance+lang_mixture,4,0.8124,0.8977
mert_vocals+handcrafted,2,0.8124,0.8144
mert_drums+lang_vocals,2,0.8119,0.8598
mert_drums+handcrafted+clap,3,0.8104,0.8636
mert_vocals+mert_other+lang_vocals,3,0.8104,0.8598
mert_bass+handcrafted+clap+lang_vocals,4,0.8099,0.8371
mert_vocals+handcrafted+lang_mixture,3,0.8095,0.8636
mert_bass+clap+lang_mixture,3,0.8095,0.8030
mert_drums+handcrafted+clap+lang_mixture,4,0.8095,0.8977
mert_vocals+mert_other,2,0.8090,0.8447
mert_vocals+handcrafted+lang_vocals+lang_mixture,4,0.8090,0.8598
mert_drums+handcrafted+clap+mixbalance,4,0.8085,0.8902
mert_vocals+mert_other+lang_vocals+lang_mixture,4,0.8085,0.8447
mert_vocals+mert_other+clap,3,0.8056,0.7992
mert_vocals+mert_other+lang_mixture,3,0.8046,0.8598
mert_bass+clap,2,0.8021,0.7689
mert_other+handcrafted+mixbalance+lang_vocals,4,0.8021,0.8902
mert_bass+clap+lang_vocals+lang_mixture,4,0.8021,0.8182
mert_bass+clap+lang_vocals,3,0.8012,0.7917
mert_vocals+mert_other+clap+lang_vocals,4,0.8012,0.8144
mert_vocals+handcrafted+lang_vocals,3,0.8012,0.8523
mert_other+handcrafted+mixbalance,3,0.7997,0.8561
mert_drums+clap+mixbalance,3,0.7987,0.8674
mert_drums+clap+lang_mixture,3,0.7982,0.8106
mert_vocals+mixbalance+lang_mixture,3,0.7978,0.8295
mert_vocals+mert_other+clap+lang_mixture,4,0.7963,0.8144
mert_vocals+mixbalance+lang_vocals,3,0.7958,0.8144
mert_vocals,1,0.7958,0.7462
mert_vocals+mixbalance+lang_vocals+lang_mixture,4,0.7958,0.8030
mert_vocals+handcrafted+clap,3,0.7948,0.8182
mert_vocals+handcrafted+clap+lang_vocals,4,0.7934,0.8182
mert_vocals+clap+mixbalance+lang_vocals,4,0.7929,0.7576
mert_drums+clap+mixbalance+lang_vocals,4,0.7929,0.8788
mert_vocals+clap+mixbalance,3,0.7929,0.7765
mert_drums+clap+mixbalance+lang_mixture,4,0.7924,0.8939
mert_vocals+clap+mixbalance+lang_mixture,4,0.7909,0.7727
mert_drums+clap,2,0.7904,0.8220
mert_vocals+handcrafted+clap+lang_mixture,4,0.7895,0.8295
mert_other+handcrafted+lang_mixture,3,0.7890,0.8712
mert_other+handcrafted+lang_vocals+lang_mixture,4,0.7880,0.8712
mert_drums+clap+lang_vocals,3,0.7870,0.8409
mert_other+handcrafted,2,0.7865,0.8333
mert_other+handcrafted+clap+mixbalance,4,0.7865,0.8182
mert_drums+clap+lang_vocals+lang_mixture,4,0.7865,0.8636
mert_other+handcrafted+lang_vocals,3,0.7861,0.8447
mert_vocals+lang_vocals,2,0.7856,0.8258
mert_vocals+lang_mixture,2,0.7797,0.8371
mert_other+mixbalance+lang_vocals+lang_mixture,4,0.7797,0.8636
handcrafted+mixbalance+lang_mixture,3,0.7778,0.8636
mert_vocals+lang_vocals+lang_mixture,3,0.7749,0.8068
handcrafted+mixbalance+lang_vocals+lang_mixture,4,0.7739,0.8636
mert_other+handcrafted+clap+lang_mixture,4,0.7710,0.8295
mert_other+handcrafted+clap+lang_vocals,4,0.7700,0.8295
mert_vocals+clap+lang_mixture,3,0.7700,0.7652
mert_other+mixbalance+lang_mixture,3,0.7685,0.8447
handcrafted+mixbalance,2,0.7671,0.8485
mert_other+clap+mixbalance+lang_mixture,4,0.7671,0.7689
mert_vocals+clap,2,0.7656,0.7765
mert_other+handcrafted+clap,3,0.7651,0.8068
mert_other+clap+mixbalance+lang_vocals,4,0.7651,0.7917
handcrafted+mixbalance+lang_vocals,3,0.7646,0.8447
mert_other+clap+mixbalance,3,0.7632,0.7500
mert_other+mixbalance+lang_vocals,3,0.7602,0.8106
mert_vocals+clap+lang_vocals,3,0.7583,0.7689
mert_vocals+clap+lang_vocals+lang_mixture,4,0.7563,0.7841
handcrafted+lang_vocals,2,0.7544,0.8636
mert_other+mixbalance,2,0.7539,0.8030
mert_other+clap+lang_vocals+lang_mixture,4,0.7529,0.8144
handcrafted+clap+mixbalance+lang_mixture,4,0.7524,0.8674
mert_other+lang_vocals+lang_mixture,3,0.7485,0.8295
handcrafted+lang_mixture,2,0.7471,0.8826
mert_other+lang_mixture,2,0.7451,0.8182
handcrafted+clap+mixbalance+lang_vocals,4,0.7427,0.8523
mert_other+clap+lang_mixture,3,0.7427,0.7992
mert_other+clap+lang_vocals,3,0.7388,0.7917
handcrafted+lang_vocals+lang_mixture,3,0.7383,0.8977
handcrafted+clap+mixbalance,3,0.7359,0.8371
mert_other+lang_vocals,2,0.7325,0.8182
mert_other,1,0.7315,0.7879
handcrafted,1,0.7295,0.8750
mert_other+clap,2,0.7290,0.7462
handcrafted+clap+lang_vocals+lang_mixture,4,0.7139,0.8258
handcrafted+clap+lang_vocals,3,0.7115,0.7841
handcrafted+clap+lang_mixture,3,0.7071,0.8182
mixbalance+lang_mixture,2,0.7013,0.6780
mixbalance+lang_vocals+lang_mixture,3,0.6959,0.7121
handcrafted+clap,2,0.6886,0.7689
mixbalance+lang_vocals,2,0.6876,0.6970
clap+mixbalance+lang_mixture,3,0.6798,0.7273
clap+mixbalance+lang_vocals,3,0.6759,0.6970
mixbalance,1,0.6745,0.6402
clap+mixbalance+lang_vocals+lang_mixture,4,0.6725,0.7424
clap+mixbalance,2,0.6589,0.6705
clap+lang_vocals+lang_mixture,3,0.6272,0.6667
clap+lang_mixture,2,0.6126,0.6364
clap+lang_vocals,2,0.6028,0.5909
lang_mixture,1,0.5838,0.6515
lang_vocals+lang_mixture,2,0.5721,0.6439
clap,1,0.5668,0.5606
lang_vocals,1,0.5395,0.5606
