dataset,rank,feature,F,p
A,1,energy_rms_db_mean,29.5000,0.0000
A,2,energy_spectral_flux_std,24.5000,0.0000
A,3,energy_spectral_flux_mean,23.1000,0.0000
A,4,energy_band_0_60hz_ratio,15.9000,0.0000
A,5,spectral_flatness_std,15.8000,0.0000
A,6,timbre_contrast6_mean,15.4000,0.0000
A,7,harmony_chroma_change_std,12.9000,0.0000
A,8,spectral_flatness_mean,12.6000,0.0000
A,9,harmony_chroma_change_mean,12.2000,0.0000
A,10,energy_band_1000_2500hz_ratio,10.9000,0.0000
A,11,timbre_mfcc00_mean,10.4000,0.0000
A,12,spectral_centroid_mean,10.3000,0.0000
B,1,timbre_mfcc02_mean,15.1000,0.0000
B,2,spectral_rolloff85_std,11.4000,0.0000
B,3,spectral_bandwidth_std,10.3000,0.0000
B,4,energy_band_2500_6000hz_ratio,8.4000,0.0000
B,5,spectral_centroid_std,8.0000,0.0000
B,6,timbre_mfcc03_mean,7.5000,0.0000
B,7,rhythm_onset_strength_mean,7.1000,0.0000
B,8,timbre_contrast2_mean,6.9000,0.0000
B,9,energy_band_1000_2500hz_ratio,6.4000,0.0000
B,10,timbre_mfcc10_std,6.2000,0.0000
B,11,timbre_mfcc04_std,5.5000,0.0000
B,12,timbre_mfcc18_std,5.4000,0.0001
