dataset,class,feature,train_mean
A,1960s,energy_dynamic_range_db,12.4294
A,1970s,energy_dynamic_range_db,12.0630
A,1980s,energy_dynamic_range_db,12.2133
A,1990s,energy_dynamic_range_db,11.7327
A,2000s,energy_dynamic_range_db,10.7887
A,2010s,energy_dynamic_range_db,10.6867
A,1960s,energy_rms_db_mean,43.0881
A,1970s,energy_rms_db_mean,42.7659
A,1980s,energy_rms_db_mean,42.4647
A,1990s,energy_rms_db_mean,43.8192
A,2000s,energy_rms_db_mean,46.1561
A,2010s,energy_rms_db_mean,46.5054
A,1960s,energy_band_0_60hz_ratio,0.0229
A,1970s,energy_band_0_60hz_ratio,0.0416
A,1980s,energy_band_0_60hz_ratio,0.0607
A,1990s,energy_band_0_60hz_ratio,0.0792
A,2000s,energy_band_0_60hz_ratio,0.0734
A,2010s,energy_band_0_60hz_ratio,0.0852
A,1960s,energy_band_60_150hz_ratio,0.2047
A,1970s,energy_band_60_150hz_ratio,0.2135
A,1980s,energy_band_60_150hz_ratio,0.2069
A,1990s,energy_band_60_150hz_ratio,0.2252
A,2000s,energy_band_60_150hz_ratio,0.2229
A,2010s,energy_band_60_150hz_ratio,0.2375
A,1960s,spectral_centroid_mean,2059.5015
A,1970s,spectral_centroid_mean,1982.1870
A,1980s,spectral_centroid_mean,2338.0295
A,1990s,spectral_centroid_mean,2294.9565
A,2000s,spectral_centroid_mean,2172.3552
A,2010s,spectral_centroid_mean,2094.7581
A,1960s,spectral_flatness_mean,0.0136
A,1970s,spectral_flatness_mean,0.0124
A,1980s,spectral_flatness_mean,0.0241
A,1990s,spectral_flatness_mean,0.0221
A,2000s,spectral_flatness_mean,0.0188
A,2010s,spectral_flatness_mean,0.0185
A,1960s,rhythm_tempo_bpm,122.4249
A,1970s,rhythm_tempo_bpm,126.1672
A,1980s,rhythm_tempo_bpm,123.4720
A,1990s,rhythm_tempo_bpm,121.1512
A,2000s,rhythm_tempo_bpm,121.7836
A,2010s,rhythm_tempo_bpm,125.1606
A,1960s,rhythm_beat_interval_cv,0.0443
A,1970s,rhythm_beat_interval_cv,0.0387
A,1980s,rhythm_beat_interval_cv,0.0386
A,1990s,rhythm_beat_interval_cv,0.0386
A,2000s,rhythm_beat_interval_cv,0.0401
A,2010s,rhythm_beat_interval_cv,0.0404
B,US,energy_dynamic_range_db,11.7147
B,UK,energy_dynamic_range_db,11.4462
B,Brazil,energy_dynamic_range_db,12.1635
B,Spain,energy_dynamic_range_db,11.2317
B,Germany,energy_dynamic_range_db,11.8465
B,Italy,energy_dynamic_range_db,12.7342
B,US,energy_rms_db_mean,43.4495
B,UK,energy_rms_db_mean,43.3724
B,Brazil,energy_rms_db_mean,44.2999
B,Spain,energy_rms_db_mean,44.0209
B,Germany,energy_rms_db_mean,42.4853
B,Italy,energy_rms_db_mean,42.3786
B,US,energy_band_0_60hz_ratio,0.0529
B,UK,energy_band_0_60hz_ratio,0.0380
B,Brazil,energy_band_0_60hz_ratio,0.0502
B,Spain,energy_band_0_60hz_ratio,0.0536
B,Germany,energy_band_0_60hz_ratio,0.0439
B,Italy,energy_band_0_60hz_ratio,0.0575
B,US,energy_band_60_150hz_ratio,0.2102
B,UK,energy_band_60_150hz_ratio,0.1946
B,Brazil,energy_band_60_150hz_ratio,0.2102
B,Spain,energy_band_60_150hz_ratio,0.2100
B,Germany,energy_band_60_150hz_ratio,0.1909
B,Italy,energy_band_60_150hz_ratio,0.1910
B,US,spectral_centroid_mean,2241.6631
B,UK,spectral_centroid_mean,2333.9436
B,Brazil,spectral_centroid_mean,2271.2688
B,Spain,spectral_centroid_mean,2381.7815
B,Germany,spectral_centroid_mean,2282.0303
B,Italy,spectral_centroid_mean,2339.5903
B,US,spectral_flatness_mean,0.0196
B,UK,spectral_flatness_mean,0.0241
B,Brazil,spectral_flatness_mean,0.0197
B,Spain,spectral_flatness_mean,0.0248
B,Germany,spectral_flatness_mean,0.0226
B,Italy,spectral_flatness_mean,0.0222
B,US,rhythm_tempo_bpm,121.5602
B,UK,rhythm_tempo_bpm,123.3732
B,Brazil,rhythm_tempo_bpm,121.8159
B,Spain,rhythm_tempo_bpm,126.3909
B,Germany,rhythm_tempo_bpm,122.3394
B,Italy,rhythm_tempo_bpm,122.4804
B,US,rhythm_beat_interval_cv,0.0376
B,UK,rhythm_beat_interval_cv,0.0413
B,Brazil,rhythm_beat_interval_cv,0.0401
B,Spain,rhythm_beat_interval_cv,0.0388
B,Germany,rhythm_beat_interval_cv,0.0393
B,Italy,rhythm_beat_interval_cv,0.0387
