dataset,layer,top1,top3,S
A,1,0.4394,0.8182,0.8485
A,2,0.3561,0.7955,0.7538
A,3,0.4545,0.7727,0.8409
A,4,0.4318,0.8485,0.8561
A,5,0.4621,0.8030,0.8636
A,6,0.4167,0.8182,0.8258
A,7,0.4848,0.8182,0.8939
A,8,0.4470,0.8182,0.8561
A,9,0.5152,0.8636,0.9470
A,10,0.5000,0.8333,0.9167
A,11,0.4773,0.8182,0.8864
A,12,0.4848,0.8258,0.8977
A,13,0.4167,0.8030,0.8182
A,14,0.4318,0.7955,0.8295
A,15,0.4318,0.7424,0.8030
A,16,0.4318,0.7727,0.8182
A,17,0.3788,0.8106,0.7841
A,18,0.5152,0.7879,0.9091
A,19,0.4621,0.8258,0.8750
A,20,0.4394,0.8258,0.8523
A,21,0.4621,0.7803,0.8523
A,22,0.5000,0.8485,0.9242
A,23,0.4545,0.8182,0.8636
A,24,0.4773,0.8409,0.8977
B,1,0.3333,0.6667,0.6667
B,2,0.3431,0.6569,0.6716
B,3,0.3529,0.6961,0.7010
B,4,0.3235,0.6863,0.6667
B,5,0.3137,0.6961,0.6618
B,6,0.3922,0.7549,0.7696
B,7,0.4314,0.7941,0.8284
B,8,0.5196,0.8039,0.9216
B,9,0.5392,0.8431,0.9608
B,10,0.4608,0.8431,0.8824
B,11,0.5196,0.8529,0.9461
B,12,0.5686,0.8333,0.9853
B,13,0.5784,0.8333,0.9951
B,14,0.5784,0.8431,1.0000
B,15,0.5392,0.8137,0.9461
B,16,0.5196,0.8137,0.9265
B,17,0.5098,0.8235,0.9216
B,18,0.4902,0.8529,0.9167
B,19,0.5392,0.8529,0.9657
B,20,0.5588,0.7941,0.9559
B,21,0.5588,0.8529,0.9853
B,22,0.5196,0.8627,0.9510
B,23,0.5490,0.8627,0.9804
B,24,0.5098,0.8529,0.9363
