dataset,method,top1,top3,S
A,stems: current recipe + language (vocals),0.5379,0.9091,0.9924
A,MERT-v2 all-layer average + CLAP + hand-crafted 10 s chunks,0.5303,0.8864,0.9735
A,stems: current recipe + language (mixture),0.5227,0.8939,0.9697
A,stems: current recipe + mix balance + language (vocals),0.5152,0.9091,0.9697
A,MERT-v2 all-layer average + hand-crafted 10 s chunks,0.5000,0.8939,0.9470
A,stems: MERT accompaniment,0.5227,0.8485,0.9470
A,stems: current recipe + mix balance,0.5000,0.8939,0.9470
A,stems: current recipe (MERT mixture + hand-crafted 10 s),0.5000,0.8939,0.9470
A,MERT-v2 all-layer average,0.5000,0.8864,0.9432
A,stems: MERT mixture,0.5000,0.8864,0.9432
A,stems: MERT mixture + accompaniment,0.5076,0.8712,0.9432
A,MERT-v2 learned layer weights,0.5000,0.8788,0.9394
A,MERT-v2 learned layer weights + hand-crafted 10 s chunks,0.4848,0.8939,0.9318
A,stems: MERT mixture + 4 stems,0.5076,0.8409,0.9280
A,MERT-v2 all-layer average + CLAP,0.4773,0.8939,0.9242
A,MERT-v2 learned layer weights + CLAP + hand-crafted 10 s chunks,0.4848,0.8788,0.9242
A,"MERT-v2 layer 9 (val-selected), logreg",0.4924,0.8561,0.9205
A,"MERT-v2 layer 9 (val-selected, reference)",0.4924,0.8561,0.9205
A,stems: current recipe + vocals,0.4773,0.8788,0.9167
A,stems: MERT mixture + mix balance,0.4621,0.8788,0.9015
A,MERT-v2 learned layer weights + CLAP,0.4697,0.8561,0.8977
A,stems: MERT mixture + vocals,0.4621,0.8636,0.8939
A,stems: current recipe + vocals + mix balance,0.4621,0.8636,0.8939
A,stems: MERT vocals + accompaniment,0.4621,0.8409,0.8826
A,"hand-crafted 10 s chunks, logreg",0.4545,0.8409,0.8750
A,hand-crafted 10 s chunks,0.4545,0.8409,0.8750
A,stems: hand-crafted 10 s chunks,0.4545,0.8409,0.8750
A,stems: MERT drums,0.4318,0.8333,0.8485
A,"hand-crafted 30 s, logreg",0.3636,0.8561,0.7917
A,hand-crafted 30 s,0.3636,0.8561,0.7917
A,stems: MERT other,0.3864,0.8030,0.7879
A,stems: MERT bass,0.3864,0.7803,0.7765
A,stems: MERT vocals,0.3788,0.7348,0.7462
A,stems: language (mixture),0.3030,0.6970,0.6515
A,stems: mix balance,0.3106,0.6591,0.6402
A,CLAP audio embedding,0.2197,0.6818,0.5606
A,stems: language (vocals),0.2576,0.6061,0.5606
B,stems: MERT mixture + mix balance,0.6471,0.8529,1.0735
B,stems: current recipe + mix balance,0.6471,0.8529,1.0735
B,stems: current recipe + language (mixture),0.6275,0.8824,1.0686
B,stems: current recipe + mix balance + language (vocals),0.6275,0.8824,1.0686
B,stems: current recipe + vocals + mix balance,0.6176,0.8627,1.0490
B,"MERT-v2 layer 21 (val-selected), logreg",0.5980,0.8824,1.0392
B,"MERT-v2 layer 21 (val-selected, reference)",0.5980,0.8824,1.0392
B,MERT-v2 all-layer average,0.6078,0.8529,1.0343
B,stems: MERT mixture,0.6078,0.8529,1.0343
B,stems: current recipe + language (vocals),0.5882,0.8922,1.0343
B,stems: MERT mixture + vocals,0.5882,0.8824,1.0294
B,stems: current recipe + vocals,0.5882,0.8824,1.0294
B,MERT-v2 learned layer weights + CLAP,0.5882,0.8725,1.0245
B,stems: MERT mixture + 4 stems,0.5784,0.8922,1.0245
B,MERT-v2 learned layer weights,0.5686,0.9020,1.0196
B,stems: MERT vocals + accompaniment,0.5686,0.9020,1.0196
B,stems: MERT vocals,0.5784,0.8725,1.0147
B,MERT-v2 all-layer average + CLAP,0.5686,0.8725,1.0049
B,stems: MERT mixture + accompaniment,0.5490,0.8824,0.9902
B,MERT-v2 learned layer weights + CLAP + hand-crafted 30 s,0.5588,0.8431,0.9804
B,stems: language (mixture),0.5784,0.8039,0.9804
B,MERT-v2 all-layer average + hand-crafted 30 s,0.5392,0.8627,0.9706
B,MERT-v2 learned layer weights + hand-crafted 30 s,0.5392,0.8627,0.9706
B,stems: language (vocals),0.5588,0.7843,0.9510
B,MERT-v2 all-layer average + CLAP + hand-crafted 30 s,0.5196,0.8529,0.9461
B,stems: MERT accompaniment,0.4216,0.7941,0.8186
B,stems: MERT other,0.3725,0.7451,0.7451
B,stems: MERT bass,0.3235,0.7353,0.6912
B,"hand-crafted 30 s, svm_rbf",0.3137,0.7353,0.6814
B,stems: MERT drums,0.3235,0.7059,0.6765
B,stems: mix balance,0.2843,0.7059,0.6373
B,hand-crafted 30 s,0.2941,0.6471,0.6176
B,CLAP audio embedding,0.2843,0.6373,0.6029
